Topic 0:,define,government,use,person,political,information,control,one,gov,order,_freedom,go,states,may,military,united,action,warfare,country,force,social,antifa,follow,system,intelligence,american,violence,support,
Topic 1:,treason,john,believe,coincidences,james,comey,brennan,epstein,ceo,dec,secretary,cnn,barlow,snowden,msnbc,nyt,ha,nov,date,see,abc,connect,clowns,oct,shadow,mike,,,
Topic 2:,republican,child,year,democratic,sex,house,years,old,sexual,page,state,democrat,one,charge,guilty,traffic,bill,girl,arrest,plead,children,count,mr,clinton,pornography,woman,activist,sentence,current
Topic 3:,control,news,people,fake,think,media,narrative,attack,potus,truth,power,fear,happen,msm,public,want,divided,push,attempt,use,become,,,,,,,,
Topic 4:,fired,fbi,clinton,director,gov,justice,general,org,archive,comey,attorney,bill,deputy,department,counsel,james,doj,assistant,remove,see,national,hillary,page,head,nothing,former,chief,,
Topic 5:,fisa,fbi,russia,think,intel,sec,uk,nsa,hussein,cia,public,clas,c_a,us,wh,potus,target,intelligence,hrc,foreign,would,doj,,,,,,,
Topic 6:,mueller,rr,sessions,house,fbi,huber,potus,doj,sc,think,dc,evidence,public,report,senate,ig,investigation,release,barr,declas,panic,important,special,know,,,,,
Topic 7:,potus,us,relevant,sa,control,iran,money,think,nk,hussein,fund,would,important,happen,many,define,lose,deal,follow,hrc,provide,occur,family,much,,,,,
Topic 8:,people,right,world,know,power,public,change,red,must,new,light,move,truth,,,,,,,,,,,,,,,,
Topic 9:,bank,central,china,fb,google,know,access,goog,find,trip,new,target,national,fire,board,comms,share,offline,data,happy,track,mission,test,confirm,expand,es,code,jack,
Topic 10:,twitter,status,youtube,watch,wwg1wga,realdonaldtrump,hillaryclinton,mobile,patriot,vip,g2qixxafxcq,show,carefully,remember,worth,enjoy,listen,youtu,feature,eyes,love,saracarterdc,en,see,reconcile,,,,
Topic 11:,vote,election,party,state,china,push,biden,ca,covid,voter,gov,test,home,id,death,us,virus,officials,law,prevent,mean,illegal,pelosi,win,attempt,,,,
Topic 12:,god,stand,fight,patriots,one,people,good,together,evil,time,united,bless,ready,never,country,america,take,day,wwg1wga,power,world,thank,faith,,,,,,
Topic 13:,think,know,potus,post,go,past,come,news,coincidence,make,get,time,see,drop,future,anons,us,need,watch,say,many,boom,important,last,today,message,,,
Topic 14:,news,trump,politics,qanon,foxnews,conspiracy,us,story,search,nytimes,breitbart,article,org,gov,theory,thehill,russia,,,,,,,,,,,,
